                                       1.2 DML COMMANDS 
                                       *****************
a) DML COMMANDS-INSERT

         //1.QUESTION      Insert values in EMPLOYEE table.
         
 mysql> insert into EMPLOYEE values(001,"femi","chavakkad",2002,4123),
 (002,"kuttu","vayanad",2000,5649),
 (003,"nili","iritty",1999,2367),
 (004,"hiba","manjeri",2000,4143),
 (005,"aali","ernamkulam",2001,5659);
Query OK, 3 rows affected (0.00 sec)


 mysql> select *from EMPLOYEE;
+------+-------+------------+------+----------+
| SSN  | name  | city       | dob  | adhar_no |
+------+-------+------------+------+----------+
|    1 | femi  | chavakkad  | 2002 |     4123 |
|    2 | kuttu | vayanad    | 2000 |     5649 |
|    3 | nili  | iritty     | 1999 |     2367 |
|    4 | hiba  | manjeri    | 2000 |     4143 |
|    5 | aali  | ernamkulam | 2001 |     5659 |
+------+-------+------------+------+----------+
5 rows in set (0.00 sec)
 
 
             //2.QUESTION      Insert values in STUDENT table.

 mysql> INSERT INTO STUDENT VALUES(001,'fahmidha',20,'trissur','f'),
 (002,'nileena',23,'kannur','f'),
 (003,'karthik',22,'malappuram','m'),
  (004,'hari',23,'palakkad','m'),
  (005,'fidha',21,'mahi','f');
Query OK, 5 rows affected (0.01 sec)
Records: 5  Duplicates: 0  Warnings: 0

mysql> select *from STUDENT;
+---------+----------+------+------------+--------+
| roll_no | name     | AGE  | address    | gender |
+---------+----------+------+------------+--------+
|       1 | fahmidha |   20 | trissur    | f      |
|       2 | nileena  |   23 | kannur     | f      |
|       3 | karthik  |   22 | malappuram | m      |
|       4 | hari     |   23 | palakkad   | m      |
|       5 | fidha    |   21 | mahi       | f      |
+---------+----------+------+------------+--------+
5 rows in set (0.00 sec)

      
               //3.QUESTION      Insert values in INVOICE database.
               
               
mysql> use INVOICE
Reading table information for completion of table and column names
You can turn off this feature to get a quicker startup with -A

Database changed
mysql> SHOW TABLES;
+-------------------+
| Tables_in_INVOICE |
+-------------------+
| CUSTOMER          |
| INVOICE_ITEM      |
| INVOICE_MASTER    |
| PRODUCT           |
+-------------------+
4 rows in set (0.00 sec)


mysql> DESC CUSTOMER;
+---------+-------------+------+-----+---------+-------+
| Field   | Type        | Null | Key | Default | Extra |
+---------+-------------+------+-----+---------+-------+
| ID      | int         | NO   | PRI | NULL    |       |
| NAME    | varchar(20) | YES  |     | NULL    |       |
| ADDRESS | varchar(40) | YES  |     | NULL    |       |
| CITY    | varchar(40) | YES  |     | NULL    |       |
| PH_N0   | int         | YES  |     | NULL    |       |
+---------+-------------+------+-----+---------+-------+
5 rows in set (0.00 sec)

mysql> alter table CUSTOMER MODIFY  PH_N0 varchar(10);
Query OK, 0 rows affected (0.03 sec)
Records: 0  Duplicates: 0  Warnings: 0


mysql> INSERT INTO CUSTOMER VALUES(001,"FARHA","PALLATH","CHAVAKKAD",7025264510),
(002,"NAFEEHA","PARANILATH","NARIKKUNI",8606350834),
(003,"SHADHIYA","VALIYAKATH","VELIYANCODE",7045664510),
(004,"SHANA","POLLAKKAYIL","ANJANGADI",7025265679),
(005,"MISBAH","MIZAJ MANZIL","VADANAPPALLY",7025264534),
(006,"MUFEEDHA","PALLIKKADAVATH","PADANILAM",7024567510),
(007,"FEBNA","PRAVIL","KODUVALLY",7025278910);
Query OK, 7 rows affected (0.00 sec)
Records: 7  Duplicates: 0  Warnings: 0


mysql> SELECT *FROM CUSTOMER;
+----+----------+----------------+--------------+------------+
| ID | NAME     | ADDRESS        | CITY         | PH_N0      |
+----+----------+----------------+--------------+------------+
|  1 | FARHA    | PALLATH        | CHAVAKKAD    | 7025264510 |
|  2 | NAFEEHA  | PARANILATH     | NARIKKUNI    | 8606350834 |
|  3 | SHADHIYA | VALIYAKATH     | VELIYANCODE  | 7045664510 |
|  4 | SHANA    | POLLAKKAYIL    | ANJANGADI    | 7025265679 |
|  5 | MISBAH   | MIZAJ MANZIL   | VADANAPPALLY | 7025264534 |
|  6 | MUFEEDHA | PALLIKKADAVATH | PADANILAM    | 7024567510 |
|  7 | FEBNA    | PRAVIL         | KODUVALLY    | 7025278910 |
+----+----------+----------------+--------------+------------+
7 rows in set (0.00 sec)



mysql> DESC PRODUCT;
+-------+--------------+------+-----+---------+-------+
| Field | Type         | Null | Key | Default | Extra |
+-------+--------------+------+-----+---------+-------+
| PID   | int          | NO   | PRI | NULL    |       |
| PNAME | varchar(20)  | YES  |     | NULL    |       |
| PRICE | decimal(3,2) | YES  |     | 0.00    |       |
+-------+--------------+------+-----+---------+-------+
3 rows in set (0.00 sec)

mysql> alter table CUSTOMER MODIFY  PH_N0 varchar(10);
Query OK, 7 rows affected (0.00 sec)


mysql> INSERT INTO PRODUCT VALUES(101,"SOAP",35.00),(102,"SOAP POWDER",80.00),(103,"BODY LOTION",300.00),(104,"SHAMPOO",700.50),(105,"CONDITIONER",700.00),(106,"CHOCLATE",300.50),(107,"NUTS",600.00);
Query OK, 7 rows affected (0.00 sec)
Records: 7  Duplicates: 0  Warnings: 0

mysql> SELECT *FROM PRODUCT;
+-----+-------------+--------+
| PID | PNAME       | PRICE  |
+-----+-------------+--------+
| 101 | SOAP        |  35.00 |
| 102 | SOAP POWDER |  80.00 |
| 103 | BODY LOTION | 300.00 |
| 104 | SHAMPOO     | 700.50 |
| 105 | CONDITIONER | 700.00 |
| 106 | CHOCLATE    | 300.50 |
| 107 | NUTS        | 600.00 |
+-----+-------------+--------+
7 rows in set (0.00 sec)


mysql> INSERT INTO INVOICE_MASTER VALUES(501,1,'2023-01-01'),(502,3,'2023-01-04'),(503,3,'2023-01-15'),(504,4,'2023-02-12'),(505,6,'2023-02-14'),(506,4,'2023-03-12'),(507,7,'2023-02-19');
Query OK, 7 rows affected (0.00 sec)
Records: 7  Duplicates: 0  Warnings: 0

mysql> SELECT *FROM INVOICE_MASTER;
+--------+------+------------+
| INV_ID | ID   | INV_DATE   |
+--------+------+------------+
|    501 |    1 | 2023-01-01 |
|    502 |    3 | 2023-01-04 |
|    503 |    3 | 2023-01-15 |
|    504 |    4 | 2023-02-12 |
|    505 |    6 | 2023-02-14 |
|    506 |    4 | 2023-03-12 |
|    507 |    7 | 2023-02-19 |
+--------+------+------------+
7 rows in set (0.00 sec)


mysql> INSERT INTO INVOICE_ITEM VALUES(501,101,2),(502,103,3),(502,101,1),(504,104,1),(505,103,4),(505,107,5),(507,107,6);
Query OK, 7 rows affected (0.01 sec)
Records: 7  Duplicates: 0  Warnings: 0


mysql> INSERT INTO INVOICE_ITEM VALUES(505,107,5),(507,107,6);
Query OK, 2 rows affected (0.00 sec)
Records: 2  Duplicates: 0  Warnings: 0

mysql> SELECT *FROM INVOICE_ITEM;
+--------+------+----------+
| INV_ID | PID  | QUANTITY |
+--------+------+----------+
|    501 |  101 |        2 |
|    502 |  103 |        3 |
|    502 |  101 |        1 |
|    504 |  104 |        1 |
|    505 |  103 |        4 |
|    505 |  107 |        5 |
|    507 |  107 |        6 |
+--------+------+----------+
7 rows in set (0.00 sec)




b)DML COMMANDS- UPDATE



 //1. Update the price of a particular product.
 
 
 mysql> SELECT *FROM PRODUCT;
+-----+-------------+--------+
| PID | PNAME       | PRICE  |
+-----+-------------+--------+
| 101 | SOAP        |  35.00 |
| 102 | SOAP POWDER |  80.00 |
| 103 | BODY LOTION | 300.00 |
| 104 | SHAMPOO     | 700.50 |
| 105 | CONDITIONER | 700.00 |
| 106 | CHOCLATE    | 300.50 |
| 107 | NUTS        | 600.00 |
+-----+-------------+--------+
7 rows in set (0.00 sec)

mysql> UPDATE PRODUCT SET PRICE=200 WHERE PID=105;
Query OK, 1 row affected (0.00 sec)
Rows matched: 1  Changed: 1  Warnings: 0

mysql> SELECT *FROM PRODUCT;
+-----+-------------+--------+
| PID | PNAME       | PRICE  |
+-----+-------------+--------+
| 101 | SOAP        |  35.00 |
| 102 | SOAP POWDER |  80.00 |
| 103 | BODY LOTION | 300.00 |
| 104 | SHAMPOO     | 700.50 |
| 105 | CONDITIONER | 200.00 |
| 106 | CHOCLATE    | 300.50 |
| 107 | NUTS        | 600.00 |
+-----+-------------+--------+
7 rows in set (0.00 sec)


                      
    //2. Change the name of city ‘calicut’ to ‘kozhikode’ in the customer table.
    
    
    mysql> SELECT *FROM CUSTOMER;
+----+----------+----------------+--------------+------------+
| ID | NAME     | ADDRESS        | CITY         | PH_N0      |
+----+----------+----------------+--------------+------------+
|  1 | FARHA    | PALLATH        | CHAVAKKAD    | 7025264510 |
|  2 | NAFEEHA  | PARANILATH     | KOZHIKKODE   | 8606350834 |
|  3 | SHADHIYA | VALIYAKATH     | VELIYANCODE  | 7045664510 |
|  4 | SHANA    | POLLAKKAYIL    | ANJANGADI    | 7025265679 |
|  5 | MISBAH   | MIZAJ MANZIL   | VADANAPPALLY | 7025264534 |
|  6 | MUFEEDHA | PALLIKKADAVATH | CALICUT      | 7024567510 |
|  7 | FEBNA    | PRAVIL         | KODUVALLY    | 7025278910 |
+----+----------+----------------+--------------+------------+
7 rows in set (0.00 sec)

mysql> UPDATE CUSTOMER SET CITY="KOZHIKKODE" WHERE CITY="CALICUT";
Query OK, 1 row affected (0.00 sec)
Rows matched: 1  Changed: 1  Warnings: 0

mysql> SELECT *FROM CUSTOMER;
+----+----------+----------------+--------------+------------+
| ID | NAME     | ADDRESS        | CITY         | PH_N0      |
+----+----------+----------------+--------------+------------+
|  1 | FARHA    | PALLATH        | CHAVAKKAD    | 7025264510 |
|  2 | NAFEEHA  | PARANILATH     | KOZHIKKODE   | 8606350834 |
|  3 | SHADHIYA | VALIYAKATH     | VELIYANCODE  | 7045664510 |
|  4 | SHANA    | POLLAKKAYIL    | ANJANGADI    | 7025265679 |
|  5 | MISBAH   | MIZAJ MANZIL   | VADANAPPALLY | 7025264534 |
|  6 | MUFEEDHA | PALLIKKADAVATH | KOZHIKKODE   | 7024567510 |
|  7 | FEBNA    | PRAVIL         | KODUVALLY    | 7025278910 |
+----+----------+----------------+--------------+------------+
7 rows in set (0.00 sec)

         //3. Update all prices with 2% of its original price.
         
         
  mysql> SELECT *FROM PRODUCT;
+-----+-------------+--------+
| PID | PNAME       | PRICE  |
+-----+-------------+--------+
| 101 | SOAP        |  35.00 |
| 102 | SOAP POWDER |  80.00 |
| 103 | BODY LOTION | 300.00 |
| 104 | SHAMPOO     | 700.50 |
| 105 | CONDITIONER | 700.00 |
| 106 | CHOCLATE    | 300.50 |
| 107 | NUTS        | 600.00 |
+-----+-------------+--------+
7 rows in set (0.00 sec)
         
 mysql> UPDATE PRODUCT SET PRICE=PRICE+(PRICE*2/100);
Query OK, 7 rows affected (0.00 sec)
Rows matched: 7  Changed: 7  Warnings: 0

mysql> SELECT *FROM PRODUCT;
+-----+-------------+--------+
| PID | PNAME       | PRICE  |
+-----+-------------+--------+
| 101 | SOAP        |  35.70 |
| 102 | SOAP POWDER |  81.60 |
| 103 | BODY LOTION | 306.00 |
| 104 | SHAMPOO     | 714.51 |
| 105 | CONDITIONER | 204.00 |
| 106 | CHOCLATE    | 306.51 |
| 107 | NUTS        | 612.00 |
+-----+-------------+--------+
7 rows in set (0.00 sec)

                      
  // 4. Change the address, city, phone number of a particular customer.
   
  mysql> SELECT *FROM CUSTOMER;
+----+----------+----------------+--------------+------------+
| ID | NAME     | ADDRESS        | CITY         | PH_N0      |
+----+----------+----------------+--------------+------------+
|  1 | FARHA    | PALLATH        | CHAVAKKAD    | 7025264510 |
|  2 | NAFEEHA  | PARANILATH     | KOZHIKKODE   | 8606350834 |
|  3 | SHADHIYA | VALIYAKATH     | VELIYANCODE  | 7045664510 |
|  4 | SHANA    | POLLAKKAYIL    | ANJANGADI    | 7025265679 |
|  5 | MISBAH   | MIZAJ MANZIL   | VADANAPPALLY | 7025264534 |
|  6 | MUFEEDHA | PALLIKKADAVATH | KOZHIKKODE   | 7024567510 |
|  7 | FEBNA    | PRAVIL         | KODUVALLY    | 7025278910 |
+----+----------+----------------+--------------+------------+
7 rows in set (0.00 sec)

mysql> UPDATE CUSTOMER SET ADDRESS="PALLATH HOUSE",CITY="TRISSUR",PH_N0=6578945367 WHERE ID=5;
Query OK, 1 row affected (0.01 sec)
Rows matched: 1  Changed: 1  Warnings: 0

mysql> SELECT *FROM CUSTOMER;
+----+----------+----------------+-------------+------------+
| ID | NAME     | ADDRESS        | CITY        | PH_N0      |
+----+----------+----------------+-------------+------------+
|  1 | FARHA    | PALLATH        | CHAVAKKAD   | 7025264510 |
|  2 | NAFEEHA  | PARANILATH     | KOZHIKKODE  | 8606350834 |
|  3 | SHADHIYA | VALIYAKATH     | VELIYANCODE | 7045664510 |
|  4 | SHANA    | POLLAKKAYIL    | ANJANGADI   | 7025265679 |
|  5 | MISBAH   | PALLATH HOUSE  | TRISSUR     | 6578945367 |
|  6 | MUFEEDHA | PALLIKKADAVATH | KOZHIKKODE  | 7024567510 |
|  7 | FEBNA    | PRAVIL         | KODUVALLY   | 7025278910 |
+----+----------+----------------+-------------+------------+
7 rows in set (0.00 sec)



  
 
 5. Change the quantity of a purchased product of inv_id ‘501'

mysql> SELECT *FROM INVOICE_ITEM;
+--------+------+----------+
| INV_ID | PID  | QUANTITY |
+--------+------+----------+
|    501 |  101 |        2 |
|    502 |  103 |        3 |
|    502 |  101 |        1 |
|    504 |  104 |        1 |
|    505 |  103 |        4 |
|    505 |  107 |        5 |
|    507 |  107 |        6 |
+--------+------+----------+
7 rows in set (0.00 sec)

mysql> UPDATE INVOICE_ITEM SET QUANTITY=10 WHERE INV_ID=501;
Query OK, 1 row affected (0.00 sec)
Rows matched: 1  Changed: 1  Warnings: 0

mysql> SELECT *FROM INVOICE_ITEM;
+--------+------+----------+
| INV_ID | PID  | QUANTITY |
+--------+------+----------+
|    501 |  101 |       10 |
|    502 |  103 |        3 |
|    502 |  101 |        1 |
|    504 |  104 |        1 |
|    505 |  103 |        4 |
|    505 |  107 |        5 |
|    507 |  107 |        6 |
+--------+------+----------+
7 rows in set (0.00 sec)




c) DML COMMAND- DELETE

 //1. Delete the record of customer id ‘10001’
 mysql> SELECT *FROM CUSTOMER;
+----+----------+----------------+-------------+------------+
| ID | NAME     | ADDRESS        | CITY        | PH_N0      |
+----+----------+----------------+-------------+------------+
|  1 | FARHA    | PALLATH        | CHAVAKKAD   | 7025264510 |
|  2 | NAFEEHA  | PARANILATH     | KOZHIKKODE  | 8606350834 |
|  3 | SHADHIYA | VALIYAKATH     | VELIYANCODE | 7045664510 |
|  4 | SHANA    | POLLAKKAYIL    | ANJANGADI   | 7025265679 |
|  5 | MISBAH   | PALLATH HOUSE  | TRISSUR     | 6578945367 |
|  6 | MUFEEDHA | PALLIKKADAVATH | KOZHIKKODE  | 7024567510 |
|  7 | FEBNA    | PRAVIL         | KODUVALLY   | 7025278910 |
+----+----------+----------------+-------------+------------+
7 rows in set (0.00 sec)

mysql> DELETE FROM CUSTOMER WHERE ID=2;
Query OK, 1 row affected (0.00 sec)

mysql> select *from CUSTOMER;
+----+----------+----------------+-------------+------------+
| ID | NAME     | ADDRESS        | CITY        | PH_N0      |
+----+----------+----------------+-------------+------------+
|  1 | FARHA    | PALLATH        | CHAVAKKAD   | 7025264510 |
|  3 | SHADHIYA | VALIYAKATH     | VELIYANCODE | 7045664510 |
|  4 | SHANA    | POLLAKKAYIL    | ANJANGADI   | 7025265679 |
|  5 | MISBAH   | PALLATH HOUSE  | TRISSUR     | 6578945367 |
|  6 | MUFEEDHA | PALLIKKADAVATH | KOZHIKKODE  | 7024567510 |
|  7 | FEBNA    | PRAVIL         | KODUVALLY   | 7025278910 |
+----+----------+----------------+-------------+------------+
6 rows in set (0.00 sec)
    
                 
                 
  //2. Delete all purchase details of items its quantity less than 2.
  
  mysql> select *from INVOICE_ITEM;
+--------+------+----------+
| INV_ID | PID  | QUANTITY |
+--------+------+----------+
|    501 |  101 |       10 |
|    502 |  103 |        3 |
|    502 |  101 |        1 |
|    504 |  104 |        1 |
|    505 |  103 |        4 |
|    505 |  107 |        5 |
|    507 |  107 |        6 |
+--------+------+----------+
7 rows in set (0.00 sec)


mysql> DELETE FROM INVOICE_ITEM WHERE QUANTITY<2;
Query OK, 2 rows affected (0.01 sec)

mysql> select *from INVOICE_ITEM;
+--------+------+----------+
| INV_ID | PID  | QUANTITY |
+--------+------+----------+
|    501 |  101 |       10 |
|    502 |  103 |        3 |
|    505 |  103 |        4 |
|    505 |  107 |        5 |
|    507 |  107 |        6 |
+--------+------+----------+
5 rows in set (0.00 sec)

                
       //3. Delete the purchase details of product ‘pen’ in the in_id ‘101’.
       
       
 mysql> select *from PRODUCT;;
+-----+-------------+--------+
| PID | PNAME       | PRICE  |
+-----+-------------+--------+
| 101 | SOAP        |  35.70 |
| 102 | SOAP POWDER |  81.60 |
| 103 | BODY LOTION | 306.00 |
| 104 | SHAMPOO     | 714.51 |
| 105 | CONDITIONER | 204.00 |
| 106 | CHOCLATE    | 306.51 |
| 107 | NUTS        | 612.00 |
+-----+-------------+--------+
7 rows in set (0.00 sec)


 mysql> select *from INVOICE_ITEM;
+--------+------+----------+
| INV_ID | PID  | QUANTITY |
+--------+------+----------+
|    501 |  101 |       10 |
|    502 |  103 |        3 |
|    505 |  103 |        4 |
|    505 |  107 |        5 |
|    507 |  107 |        6 |
+--------+------+----------+
5 rows in set (0.00 sec)

       
       
       
       
       
       
                      4. Delete details of employees who does not have phone number. 
                      5. Delete all records from STUDENT table. 
                      6. Delete Invoice details of a particular customer.






 1. Delete the record of customer id ‘10001’


            
