                                       1.2 DML COMMANDS 
                                       *****************
a) DML COMMANDS-INSERT

         //1.QUESTION      Insert values in EMPLOYEE table.
         
 mysql> insert into EMPLOYEE values(001,"femi","chavakkad",2002,4123),(002,"kuttu","vayanad",2000,5649),(003,"nili","iritty",1999,2367),
 (004,"hiba","manjeri",2000,4143),(005,"aali","ernamkulam",2001,5659);
Query OK, 3 rows affected (0.00 sec)


 mysql> select *from EMPLOYEE;
+------+-------+------------+------+----------+
| SSN  | name  | city       | dob  | adhar_no |
+------+-------+------------+------+----------+
|    1 | femi  | chavakkad  | 2002 |     4123 |
|    2 | kuttu | vayanad    | 2000 |     5649 |
|    3 | nili  | iritty     | 1999 |     2367 |
|    4 | hiba  | manjeri    | 2000 |     4143 |
|    5 | aali  | ernamkulam | 2001 |     5659 |
+------+-------+------------+------+----------+
5 rows in set (0.00 sec)
 
 
             //2.QUESTION      Insert values in STUDENT table.

       mysql> INSERT INTO STUDENT VALUES(001,'fahmidha',20,'trissur','f'),(002,'nileena',23,'kannur','f'),(003,'karthik',22,'malappuram','m'),(004,'hari',23,'palakkad','m'),(005,'fidha',21,'mahi','f');
Query OK, 5 rows affected (0.01 sec)
Records: 5  Duplicates: 0  Warnings: 0

mysql> select *from STUDENT;
+---------+----------+------+------------+--------+
| roll_no | name     | AGE  | address    | gender |
+---------+----------+------+------------+--------+
|       1 | fahmidha |   20 | trissur    | f      |
|       2 | nileena  |   23 | kannur     | f      |
|       3 | karthik  |   22 | malappuram | m      |
|       4 | hari     |   23 | palakkad   | m      |
|       5 | fidha    |   21 | mahi       | f      |
+---------+----------+------+------------+--------+
5 rows in set (0.00 sec)
      
                       3.      Insert values in INVOICE database. 
